original_file,category,bytes,sha256,is_duplicate,duplicate_of,canonical_name
"___Status_Bar___Battery_Icon_10.svg","device_chrome","1768","357879fccb90b1bf4a962e838a398be5236a2e058261e59f8d13a1a2d27ba44d","false","___Status_Bar___Battery_Icon_10.svg","device_chrome__status_bar_battery_icon_10.svg"
"___Status_Bar___Battery_Icon_11.svg","device_chrome","1768","9b503210c75937cc71d27d8cb0683d51fed548ea06bd5fe009301e0e2b8e6024","false","___Status_Bar___Battery_Icon_11.svg","device_chrome__status_bar_battery_icon_11.svg"
"___Status_Bar___Battery_Icon_12.svg","device_chrome","1763","fd10a170b4f7af5d092aadf0d181ff51ff4e15e9513ab26fa5657561b7c57495","false","___Status_Bar___Battery_Icon_12.svg","device_chrome__status_bar_battery_icon_12.svg"
"___Status_Bar___Battery_Icon_13.svg","device_chrome","1763","ca2f64062a71b6239b75a9385f0c9622ed694b3a4882bf5e7bcdc41b6140855c","false","___Status_Bar___Battery_Icon_13.svg","device_chrome__status_bar_battery_icon_13.svg"
"___Status_Bar___Battery_Icon_14.svg","device_chrome","1763","78e1a1898bf153a65bc50064620b30b6a3383fbf6c0dc863a151f764ff495608","false","___Status_Bar___Battery_Icon_14.svg","device_chrome__status_bar_battery_icon_14.svg"
"___Status_Bar___Battery_Icon_15.svg","device_chrome","1763","be671cdc49796bd3d05537f8594bf26f291ea8388fbd26a7157ba7b67d2b7af2","false","___Status_Bar___Battery_Icon_15.svg","device_chrome__status_bar_battery_icon_15.svg"
"___Status_Bar___Battery_Icon_2.svg","device_chrome","1770","f1d54d963a4e5a1cdcc346cbef0462c41897a8c8b7efd17488003cdb432bee84","false","___Status_Bar___Battery_Icon_2.svg","device_chrome__status_bar_battery_icon_2.svg"
"___Status_Bar___Battery_Icon_3.svg","device_chrome","1770","aa4efdb1c70949f2d0cfa448c09c7d39be726d6c1b95573c7f431a365707a233","false","___Status_Bar___Battery_Icon_3.svg","device_chrome__status_bar_battery_icon_3.svg"
"___Status_Bar___Battery_Icon_4.svg","device_chrome","1770","a1b9a8ba2b50741dd7c9a470e832406ec262f79fa2ef193e54a4729e2f8fa2a0","false","___Status_Bar___Battery_Icon_4.svg","device_chrome__status_bar_battery_icon_4.svg"
"___Status_Bar___Battery_Icon_5.svg","device_chrome","1770","42a1e17aac096cfe1f0569f77f0142819480ce77e283ee9cafc78e2ad4cfa803","false","___Status_Bar___Battery_Icon_5.svg","device_chrome__status_bar_battery_icon_5.svg"
"___Status_Bar___Battery_Icon_6.svg","device_chrome","1763","aca17c9476250a5f44523fd0eaa59a69a39b1e84e0f6bea195786b0ef062d73e","false","___Status_Bar___Battery_Icon_6.svg","device_chrome__status_bar_battery_icon_6.svg"
"___Status_Bar___Battery_Icon_7.svg","device_chrome","1773","1b8285d341854985a9ffcf06b5ae85fd88e098563b0793fc7a0953070b0b0e29","false","___Status_Bar___Battery_Icon_7.svg","device_chrome__status_bar_battery_icon_7.svg"
"___Status_Bar___Battery_Icon_8.svg","device_chrome","1768","8f363fcb11e8ab53a43a105ae7ecef358feaa5d7cfdab6b062f8a81e8a7a261c","false","___Status_Bar___Battery_Icon_8.svg","device_chrome__status_bar_battery_icon_8.svg"
"___Status_Bar___Battery_Icon_9.svg","device_chrome","1773","02a01c3d2276615f4bc26384a2b26e864d3be1ee5d946ee116883adbfeaafcbd","false","___Status_Bar___Battery_Icon_9.svg","device_chrome__status_bar_battery_icon_9.svg"
"___Status_Bar___Battery_Icon.svg","device_chrome","1763","182128a320c016e50e7916bb7b13c74a2339a8d783275200d19feb7a432e2a10","false","___Status_Bar___Battery_Icon.svg","device_chrome__status_bar_battery_icon.svg"
"___Status_Bar___Cellular_Icon_10.svg","device_chrome","2496","553e3abf1a97e149ba720aa01f88414f04564280d9a03e3f6262c355bd80c7f6","false","___Status_Bar___Cellular_Icon_10.svg","device_chrome__status_bar_cellular_icon_10.svg"
"___Status_Bar___Cellular_Icon_11.svg","device_chrome","2496","6941dc1db0e27c46b27a65042bde66be8ebb485f233d8bb9fb635aef5cb4c8e0","false","___Status_Bar___Cellular_Icon_11.svg","device_chrome__status_bar_cellular_icon_11.svg"
"___Status_Bar___Cellular_Icon_12.svg","device_chrome","2488","e6db48adf74be332658103c2ad6f4f60837a5d02abef446eafed4ea0b0ddb5c2","false","___Status_Bar___Cellular_Icon_12.svg","device_chrome__status_bar_cellular_icon_12.svg"
"___Status_Bar___Cellular_Icon_13.svg","device_chrome","2496","04e9bb67f738f1320acad10a75e7900e39b90d758970aad85c6ad86eefa1b92b","false","___Status_Bar___Cellular_Icon_13.svg","device_chrome__status_bar_cellular_icon_13.svg"
"___Status_Bar___Cellular_Icon_14.svg","device_chrome","2496","64ac59786b637c997ed62824301731fed4506baf7bf08fd77766dfb8d2017276","false","___Status_Bar___Cellular_Icon_14.svg","device_chrome__status_bar_cellular_icon_14.svg"
"___Status_Bar___Cellular_Icon_15.svg","device_chrome","2496","a2b4e11dd944fd37372824dd9b3186d136af98d288a675156ac1caea4b95bed1","false","___Status_Bar___Cellular_Icon_15.svg","device_chrome__status_bar_cellular_icon_15.svg"
"___Status_Bar___Cellular_Icon_2.svg","device_chrome","2487","4a48480276268ab9edaf4c582d40c134acb587ecacd9ebeff023aeb09794b389","false","___Status_Bar___Cellular_Icon_2.svg","device_chrome__status_bar_cellular_icon_2.svg"
"___Status_Bar___Cellular_Icon_3.svg","device_chrome","2487","da3e9c403281fd8082973f953f7761d2f034ed49c69a0675887eb17e6a829690","false","___Status_Bar___Cellular_Icon_3.svg","device_chrome__status_bar_cellular_icon_3.svg"
"___Status_Bar___Cellular_Icon_4.svg","device_chrome","2487","a0fd472feeead46f25aeebb223af846ec100577dc6bdff38528b70a94af1912a","false","___Status_Bar___Cellular_Icon_4.svg","device_chrome__status_bar_cellular_icon_4.svg"
"___Status_Bar___Cellular_Icon_5.svg","device_chrome","2487","2ef8f8f16a257d63d1f29e1ee33722d77948c6e687f6040f44ff5f4817b7bd05","false","___Status_Bar___Cellular_Icon_5.svg","device_chrome__status_bar_cellular_icon_5.svg"
"___Status_Bar___Cellular_Icon_6.svg","device_chrome","2496","175a803dfb4a861515ee99d04d62852a2df865097b3a82482f044d896b039b27","false","___Status_Bar___Cellular_Icon_6.svg","device_chrome__status_bar_cellular_icon_6.svg"
"___Status_Bar___Cellular_Icon_7.svg","device_chrome","2496","d5124d654250116951879044fa2f5465cb523fa9c62b3934a3abf489d7b2e765","false","___Status_Bar___Cellular_Icon_7.svg","device_chrome__status_bar_cellular_icon_7.svg"
"___Status_Bar___Cellular_Icon_8.svg","device_chrome","2496","8957ad1faf213f75c987ec785d9670e5ebdb04edea1aeb140de1e1c0d574330d","false","___Status_Bar___Cellular_Icon_8.svg","device_chrome__status_bar_cellular_icon_8.svg"
"___Status_Bar___Cellular_Icon_9.svg","device_chrome","2496","105ab912a21f5f545edeeeb9b74274b7a106da7e66a421e54a999beb65232908","false","___Status_Bar___Cellular_Icon_9.svg","device_chrome__status_bar_cellular_icon_9.svg"
"___Status_Bar___Cellular_Icon.svg","device_chrome","2496","34b9fd48010c7798ec190fc930db4f85007c71a68fe57a065cd1bf2dcb175309","false","___Status_Bar___Cellular_Icon.svg","device_chrome__status_bar_cellular_icon.svg"
"___Status_Bar___Dynamic_Island_10.svg","device_chrome","182","dca2729aa3b1ae70da216fa4981acb9dd580c3df6953f54ceea1eee757ff59ed","false","___Status_Bar___Dynamic_Island_10.svg","device_chrome__status_bar_dynamic_island_10.svg"
"___Status_Bar___Dynamic_Island_11.svg","device_chrome","182","dca2729aa3b1ae70da216fa4981acb9dd580c3df6953f54ceea1eee757ff59ed","true","___Status_Bar___Dynamic_Island_10.svg","device_chrome__status_bar_dynamic_island_11.svg"
"___Status_Bar___Dynamic_Island_12.svg","device_chrome","182","dca2729aa3b1ae70da216fa4981acb9dd580c3df6953f54ceea1eee757ff59ed","true","___Status_Bar___Dynamic_Island_10.svg","device_chrome__status_bar_dynamic_island_12.svg"
"___Status_Bar___Dynamic_Island_13.svg","device_chrome","182","dca2729aa3b1ae70da216fa4981acb9dd580c3df6953f54ceea1eee757ff59ed","true","___Status_Bar___Dynamic_Island_10.svg","device_chrome__status_bar_dynamic_island_13.svg"
"___Status_Bar___Dynamic_Island_14.svg","device_chrome","182","dca2729aa3b1ae70da216fa4981acb9dd580c3df6953f54ceea1eee757ff59ed","true","___Status_Bar___Dynamic_Island_10.svg","device_chrome__status_bar_dynamic_island_14.svg"
"___Status_Bar___Dynamic_Island_15.svg","device_chrome","182","dca2729aa3b1ae70da216fa4981acb9dd580c3df6953f54ceea1eee757ff59ed","true","___Status_Bar___Dynamic_Island_10.svg","device_chrome__status_bar_dynamic_island_15.svg"
"___Status_Bar___Dynamic_Island_2.svg","device_chrome","182","dca2729aa3b1ae70da216fa4981acb9dd580c3df6953f54ceea1eee757ff59ed","true","___Status_Bar___Dynamic_Island_10.svg","device_chrome__status_bar_dynamic_island_2.svg"
"___Status_Bar___Dynamic_Island_3.svg","device_chrome","182","dca2729aa3b1ae70da216fa4981acb9dd580c3df6953f54ceea1eee757ff59ed","true","___Status_Bar___Dynamic_Island_10.svg","device_chrome__status_bar_dynamic_island_3.svg"
"___Status_Bar___Dynamic_Island_4.svg","device_chrome","182","dca2729aa3b1ae70da216fa4981acb9dd580c3df6953f54ceea1eee757ff59ed","true","___Status_Bar___Dynamic_Island_10.svg","device_chrome__status_bar_dynamic_island_4.svg"
"___Status_Bar___Dynamic_Island_5.svg","device_chrome","182","dca2729aa3b1ae70da216fa4981acb9dd580c3df6953f54ceea1eee757ff59ed","true","___Status_Bar___Dynamic_Island_10.svg","device_chrome__status_bar_dynamic_island_5.svg"
"___Status_Bar___Dynamic_Island_6.svg","device_chrome","182","dca2729aa3b1ae70da216fa4981acb9dd580c3df6953f54ceea1eee757ff59ed","true","___Status_Bar___Dynamic_Island_10.svg","device_chrome__status_bar_dynamic_island_6.svg"
"___Status_Bar___Dynamic_Island_7.svg","device_chrome","182","dca2729aa3b1ae70da216fa4981acb9dd580c3df6953f54ceea1eee757ff59ed","true","___Status_Bar___Dynamic_Island_10.svg","device_chrome__status_bar_dynamic_island_7.svg"
"___Status_Bar___Dynamic_Island_8.svg","device_chrome","182","dca2729aa3b1ae70da216fa4981acb9dd580c3df6953f54ceea1eee757ff59ed","true","___Status_Bar___Dynamic_Island_10.svg","device_chrome__status_bar_dynamic_island_8.svg"
"___Status_Bar___Dynamic_Island_9.svg","device_chrome","182","dca2729aa3b1ae70da216fa4981acb9dd580c3df6953f54ceea1eee757ff59ed","true","___Status_Bar___Dynamic_Island_10.svg","device_chrome__status_bar_dynamic_island_9.svg"
"___Status_Bar___Dynamic_Island.svg","device_chrome","182","dca2729aa3b1ae70da216fa4981acb9dd580c3df6953f54ceea1eee757ff59ed","true","___Status_Bar___Dynamic_Island_10.svg","device_chrome__status_bar_dynamic_island.svg"
"___Status_Bar___Wi-Fi_Icon_10.svg","device_chrome","1514","465f1c6a6cd786bb38d184f28ba0eee5d39707b00b16b4869c5dcf0e88c96f1c","false","___Status_Bar___Wi-Fi_Icon_10.svg","device_chrome__status_bar_wi_fi_icon_10.svg"
"___Status_Bar___Wi-Fi_Icon_11.svg","device_chrome","1514","c737d3478246fb51c647cf985ff26cb2429e0b1f58efb1d4870653a176c82867","false","___Status_Bar___Wi-Fi_Icon_11.svg","device_chrome__status_bar_wi_fi_icon_11.svg"
"___Status_Bar___Wi-Fi_Icon_12.svg","device_chrome","1514","648d5d4f5218ecca0e183f3ce6cd8e8485d866b73f72182fae38ba324f4324e5","false","___Status_Bar___Wi-Fi_Icon_12.svg","device_chrome__status_bar_wi_fi_icon_12.svg"
"___Status_Bar___Wi-Fi_Icon_13.svg","device_chrome","1509","2ae01bf38fdebef49efa4532485816e7dc2123f767a8d30b5aa9c49acd89afe5","false","___Status_Bar___Wi-Fi_Icon_13.svg","device_chrome__status_bar_wi_fi_icon_13.svg"
"___Status_Bar___Wi-Fi_Icon_14.svg","device_chrome","1509","cfb12401da6a89f633915ca986e6449da79c884e13af74a069c714e89b6ab972","false","___Status_Bar___Wi-Fi_Icon_14.svg","device_chrome__status_bar_wi_fi_icon_14.svg"
"___Status_Bar___Wi-Fi_Icon_15.svg","device_chrome","1509","9896be39be2cc49b6c23c55b73bf7301fa1a61579d1496139eef720d4f3b61d4","false","___Status_Bar___Wi-Fi_Icon_15.svg","device_chrome__status_bar_wi_fi_icon_15.svg"
"___Status_Bar___Wi-Fi_Icon_2.svg","device_chrome","1509","82a36ef624fc56e4889f62fe2bc2ac251932544f69ce805a14451077a00ceca9","false","___Status_Bar___Wi-Fi_Icon_2.svg","device_chrome__status_bar_wi_fi_icon_2.svg"
"___Status_Bar___Wi-Fi_Icon_3.svg","device_chrome","1509","6fe2c964990a97d2696539bd496664f03b63e58a99b923f920809d1b79a7c8c3","false","___Status_Bar___Wi-Fi_Icon_3.svg","device_chrome__status_bar_wi_fi_icon_3.svg"
"___Status_Bar___Wi-Fi_Icon_4.svg","device_chrome","1509","3d7fb749674e94b10f0bce890ff05e43c3b2ce7e1166fdd09a18190f98a911ba","false","___Status_Bar___Wi-Fi_Icon_4.svg","device_chrome__status_bar_wi_fi_icon_4.svg"
"___Status_Bar___Wi-Fi_Icon_5.svg","device_chrome","1509","3a8e7d67d3ae0ca455a39688ebc5959ffee1db364c70ef321d54b2c27a2c22c5","false","___Status_Bar___Wi-Fi_Icon_5.svg","device_chrome__status_bar_wi_fi_icon_5.svg"
"___Status_Bar___Wi-Fi_Icon_6.svg","device_chrome","1509","4c963b125897b0b339f45126f9c0d9600e593557eb9359753653322b1a3bd6e8","false","___Status_Bar___Wi-Fi_Icon_6.svg","device_chrome__status_bar_wi_fi_icon_6.svg"
"___Status_Bar___Wi-Fi_Icon_7.svg","device_chrome","1514","7e56fe22b54e3aa99d724d2bb2ed18a36394aa614ccd91349ab1aa20143a8c13","false","___Status_Bar___Wi-Fi_Icon_7.svg","device_chrome__status_bar_wi_fi_icon_7.svg"
"___Status_Bar___Wi-Fi_Icon_8.svg","device_chrome","1514","f799d612a3cf21409f486d514c4abe17c225b26bdc91d640cae7af1b0731c8eb","false","___Status_Bar___Wi-Fi_Icon_8.svg","device_chrome__status_bar_wi_fi_icon_8.svg"
"___Status_Bar___Wi-Fi_Icon_9.svg","device_chrome","1514","e20bbafa3de9b55fd9ed2d98b5e7224fdeb54bd61d2b6d9fffef0653a282985c","false","___Status_Bar___Wi-Fi_Icon_9.svg","device_chrome__status_bar_wi_fi_icon_9.svg"
"___Status_Bar___Wi-Fi_Icon.svg","device_chrome","1509","9fc8482908623a2286347b732cdf700aeef7baa570777bad565ffa7cefd3ecd6","false","___Status_Bar___Wi-Fi_Icon.svg","device_chrome__status_bar_wi_fi_icon.svg"
"App_Icon_Dark.svg","icon","1350","1fc4546c541385b133452572360db1de0c5ab2146e15d0fe95423429fab448be","false","App_Icon_Dark.svg","icon__app_icon_dark.svg"
"Building_1_2.svg","uncategorized","1412","34d618eb38187420f3c774933b0648fc7ed167a5631f3001f2414b17df30bce1","false","Building_1_2.svg","uncategorized__building_1_2.svg"
"Building_1.svg","uncategorized","1412","14787b7944c53070af222e4bfd4a5bf919505e397eeb875bfb9e777853b0d423","false","Building_1.svg","uncategorized__building_1.svg"
"Building_2.svg","uncategorized","1422","53cf3ac430ddf1eaa38f149593438092a613ca9d6b509ba9ac897ea1f7ab44bf","false","Building_2.svg","uncategorized__building_2.svg"
"Building_3.svg","uncategorized","1378","66dc8121a510c9f60d85be43ec9960eabc8e4aa869df57c3c1c04f5cb80255eb","false","Building_3.svg","uncategorized__building_3.svg"
"Chart_layout_2.svg","chart_widget","885","f6cf2073fbf7aa2f8096c7ac789a8ebd706c7a0c7216932d23c00072a4d58dff","false","Chart_layout_2.svg","chart_widget__chart_layout_2.svg"
"Chart_layout.svg","chart_widget","3511","628850c4e69ba9ef993c8441b58966c4cb150299a1190ee983b8c0a82cc08ad4","false","Chart_layout.svg","chart_widget__chart_layout.svg"
"Chart_line.svg","chart_widget","3057","1629779ac5a19c1f670181398562c817cf9c39f03ab374e2e8e4b0c6659c2ce8","false","Chart_line.svg","chart_widget__chart_line.svg"
"div_2.svg","raw_fragment","514","6ca5cacaa05fb80859e0e64ff3526d8d7d4aa2d1424e9c5743aed02d5379ed0c","false","div_2.svg","raw_fragment__div_2.svg"
"div.svg","raw_fragment","1061","530e54dde631c2f4697b6dad79cabbfc3f5838743ec3b93354ef520c03baf3fa","false","div.svg","raw_fragment__div.svg"
"Frame_10.svg","raw_fragment","211","13205113ddbf3be86d59c08431c49a62491e9cbf59fb3a24494dd86762468518","false","Frame_10.svg","raw_fragment__frame_10.svg"
"Frame_11.svg","raw_fragment","211","13205113ddbf3be86d59c08431c49a62491e9cbf59fb3a24494dd86762468518","true","Frame_10.svg","raw_fragment__frame_11.svg"
"Frame_1171276346_10.svg","raw_fragment","923","d2c2905dbd24f0b00b8070edd42fd3aeca9972dc3ea3dcefaf57a475e50840ad","false","Frame_1171276346_10.svg","raw_fragment__frame_1171276346_10.svg"
"Frame_1171276346_11.svg","raw_fragment","923","d2c2905dbd24f0b00b8070edd42fd3aeca9972dc3ea3dcefaf57a475e50840ad","true","Frame_1171276346_10.svg","raw_fragment__frame_1171276346_11.svg"
"Frame_1171276346_12.svg","raw_fragment","2053","4083d1bb649014a912374bcfaa24ae8981975fc75906315f736d15f0df1227b2","false","Frame_1171276346_12.svg","raw_fragment__frame_1171276346_12.svg"
"Frame_1171276346_13.svg","raw_fragment","2053","4083d1bb649014a912374bcfaa24ae8981975fc75906315f736d15f0df1227b2","true","Frame_1171276346_12.svg","raw_fragment__frame_1171276346_13.svg"
"Frame_1171276346_14.svg","raw_fragment","2053","4083d1bb649014a912374bcfaa24ae8981975fc75906315f736d15f0df1227b2","true","Frame_1171276346_12.svg","raw_fragment__frame_1171276346_14.svg"
"Frame_1171276346_15.svg","raw_fragment","896","f3e4070cdd5b221de3bd6dc5ab5b801ba7675b1f0fa5327d7018f827d6e0d381","false","Frame_1171276346_15.svg","raw_fragment__frame_1171276346_15.svg"
"Frame_1171276346_16.svg","raw_fragment","896","f3e4070cdd5b221de3bd6dc5ab5b801ba7675b1f0fa5327d7018f827d6e0d381","true","Frame_1171276346_15.svg","raw_fragment__frame_1171276346_16.svg"
"Frame_1171276346_17.svg","raw_fragment","896","f3e4070cdd5b221de3bd6dc5ab5b801ba7675b1f0fa5327d7018f827d6e0d381","true","Frame_1171276346_15.svg","raw_fragment__frame_1171276346_17.svg"
"Frame_1171276346_18.svg","raw_fragment","896","f3e4070cdd5b221de3bd6dc5ab5b801ba7675b1f0fa5327d7018f827d6e0d381","true","Frame_1171276346_15.svg","raw_fragment__frame_1171276346_18.svg"
"Frame_1171276346_19.svg","raw_fragment","896","f3e4070cdd5b221de3bd6dc5ab5b801ba7675b1f0fa5327d7018f827d6e0d381","true","Frame_1171276346_15.svg","raw_fragment__frame_1171276346_19.svg"
"Frame_1171276346_2.svg","raw_fragment","267","54f74febc41d8167a71cd7d546a57799cdc82c1799ea433b9d08fa41cbef18ba","false","Frame_1171276346_2.svg","raw_fragment__frame_1171276346_2.svg"
"Frame_1171276346_20.svg","raw_fragment","896","f3e4070cdd5b221de3bd6dc5ab5b801ba7675b1f0fa5327d7018f827d6e0d381","true","Frame_1171276346_15.svg","raw_fragment__frame_1171276346_20.svg"
"Frame_1171276346_21.svg","raw_fragment","896","f3e4070cdd5b221de3bd6dc5ab5b801ba7675b1f0fa5327d7018f827d6e0d381","true","Frame_1171276346_15.svg","raw_fragment__frame_1171276346_21.svg"
"Frame_1171276346_22.svg","raw_fragment","896","f3e4070cdd5b221de3bd6dc5ab5b801ba7675b1f0fa5327d7018f827d6e0d381","true","Frame_1171276346_15.svg","raw_fragment__frame_1171276346_22.svg"
"Frame_1171276346_23.svg","raw_fragment","896","f3e4070cdd5b221de3bd6dc5ab5b801ba7675b1f0fa5327d7018f827d6e0d381","true","Frame_1171276346_15.svg","raw_fragment__frame_1171276346_23.svg"
"Frame_1171276346_24.svg","raw_fragment","896","f3e4070cdd5b221de3bd6dc5ab5b801ba7675b1f0fa5327d7018f827d6e0d381","true","Frame_1171276346_15.svg","raw_fragment__frame_1171276346_24.svg"
"Frame_1171276346_3.svg","raw_fragment","267","54f74febc41d8167a71cd7d546a57799cdc82c1799ea433b9d08fa41cbef18ba","true","Frame_1171276346_2.svg","raw_fragment__frame_1171276346_3.svg"
"Frame_1171276346_4.svg","raw_fragment","744","e6ee53f72be0c22331b888ae70dab2f246b41f04b2346c92a4c5fd76fc6883a7","false","Frame_1171276346_4.svg","raw_fragment__frame_1171276346_4.svg"
"Frame_1171276346_5.svg","raw_fragment","267","54f74febc41d8167a71cd7d546a57799cdc82c1799ea433b9d08fa41cbef18ba","true","Frame_1171276346_2.svg","raw_fragment__frame_1171276346_5.svg"
"Frame_1171276346_6.svg","raw_fragment","267","54f74febc41d8167a71cd7d546a57799cdc82c1799ea433b9d08fa41cbef18ba","true","Frame_1171276346_2.svg","raw_fragment__frame_1171276346_6.svg"
"Frame_1171276346_7.svg","raw_fragment","267","54f74febc41d8167a71cd7d546a57799cdc82c1799ea433b9d08fa41cbef18ba","true","Frame_1171276346_2.svg","raw_fragment__frame_1171276346_7.svg"
"Frame_1171276346_8.svg","raw_fragment","267","54f74febc41d8167a71cd7d546a57799cdc82c1799ea433b9d08fa41cbef18ba","true","Frame_1171276346_2.svg","raw_fragment__frame_1171276346_8.svg"
"Frame_1171276346_9.svg","raw_fragment","923","d2c2905dbd24f0b00b8070edd42fd3aeca9972dc3ea3dcefaf57a475e50840ad","true","Frame_1171276346_10.svg","raw_fragment__frame_1171276346_9.svg"
"Frame_1171276346.svg","raw_fragment","267","54f74febc41d8167a71cd7d546a57799cdc82c1799ea433b9d08fa41cbef18ba","true","Frame_1171276346_2.svg","raw_fragment__frame_1171276346.svg"
"Frame_1171276348.svg","raw_fragment","267","54f74febc41d8167a71cd7d546a57799cdc82c1799ea433b9d08fa41cbef18ba","true","Frame_1171276346_2.svg","raw_fragment__frame_1171276348.svg"
"Frame_1171276364_2.svg","raw_fragment","216","3625a64c3964f48c8b5f9d1f5f955481be34743daa2d9033f944bcc1e8619901","false","Frame_1171276364_2.svg","raw_fragment__frame_1171276364_2.svg"
"Frame_1171276364_3.svg","raw_fragment","216","3625a64c3964f48c8b5f9d1f5f955481be34743daa2d9033f944bcc1e8619901","true","Frame_1171276364_2.svg","raw_fragment__frame_1171276364_3.svg"
"Frame_1171276364_4.svg","raw_fragment","216","42db01975bee5075e8e3f293c5518652f61f12f70ba4d40f5483fd0cf099ec99","false","Frame_1171276364_4.svg","raw_fragment__frame_1171276364_4.svg"
"Frame_1171276364_5.svg","raw_fragment","216","42db01975bee5075e8e3f293c5518652f61f12f70ba4d40f5483fd0cf099ec99","true","Frame_1171276364_4.svg","raw_fragment__frame_1171276364_5.svg"
"Frame_1171276364_6.svg","raw_fragment","217","10ff4d05577fc770302f30bef1084fbe3060464537b9e534b3d6213982b0c85a","false","Frame_1171276364_6.svg","raw_fragment__frame_1171276364_6.svg"
"Frame_1171276364_7.svg","raw_fragment","217","10ff4d05577fc770302f30bef1084fbe3060464537b9e534b3d6213982b0c85a","true","Frame_1171276364_6.svg","raw_fragment__frame_1171276364_7.svg"
"Frame_1171276364_8.svg","raw_fragment","217","7cd349ba89f9ac03451da411d867ed1473fb5e951f51c18f6866c035dba7a613","false","Frame_1171276364_8.svg","raw_fragment__frame_1171276364_8.svg"
"Frame_1171276364.svg","raw_fragment","216","3625a64c3964f48c8b5f9d1f5f955481be34743daa2d9033f944bcc1e8619901","true","Frame_1171276364_2.svg","raw_fragment__frame_1171276364.svg"
"Frame_12.svg","raw_fragment","1320","384248000c7ea9fa804fbd98ac1703b5a3ef9f9d49335d675272aad331b38738","false","Frame_12.svg","raw_fragment__frame_12.svg"
"Frame_13.svg","raw_fragment","211","13205113ddbf3be86d59c08431c49a62491e9cbf59fb3a24494dd86762468518","true","Frame_10.svg","raw_fragment__frame_13.svg"
"Frame_14.svg","raw_fragment","1320","384248000c7ea9fa804fbd98ac1703b5a3ef9f9d49335d675272aad331b38738","true","Frame_12.svg","raw_fragment__frame_14.svg"
"Frame_15.svg","raw_fragment","211","13205113ddbf3be86d59c08431c49a62491e9cbf59fb3a24494dd86762468518","true","Frame_10.svg","raw_fragment__frame_15.svg"
"Frame_16.svg","raw_fragment","215","c8deb06de281376441d44b23f0cd122c92f47f65e6346ed8bb6c26213ad17cdd","false","Frame_16.svg","raw_fragment__frame_16.svg"
"Frame_17.svg","raw_fragment","1974","1cfa76b46ae5eb01339c6681f871839972482f3c3ead5126a44e1d92e5c66166","false","Frame_17.svg","raw_fragment__frame_17.svg"
"Frame_18.svg","raw_fragment","2119","d90a997647d0b93ecb28baec1c919b8f163a9e9c41923a021db1e642e72cf2f7","false","Frame_18.svg","raw_fragment__frame_18.svg"
"Frame_19.svg","raw_fragment","2534","d11de3f4877b922eb7890f4419110521e04b83a65ce1b2c25394094d9e2657dc","false","Frame_19.svg","raw_fragment__frame_19.svg"
"Frame_2.svg","raw_fragment","1974","1cfa76b46ae5eb01339c6681f871839972482f3c3ead5126a44e1d92e5c66166","true","Frame_17.svg","raw_fragment__frame_2.svg"
"Frame_20.svg","raw_fragment","597","0768cbe37bf69fbe6469d01294ee5f53651a003615d2174b1281d0601f87342b","false","Frame_20.svg","raw_fragment__frame_20.svg"
"Frame_21.svg","raw_fragment","330","0d4cef1b1e4880f0f7ba7123699a1d270190627a246c40b2f315fa723c0677fb","false","Frame_21.svg","raw_fragment__frame_21.svg"
"Frame_22.svg","raw_fragment","215","c8deb06de281376441d44b23f0cd122c92f47f65e6346ed8bb6c26213ad17cdd","true","Frame_16.svg","raw_fragment__frame_22.svg"
"Frame_23.svg","raw_fragment","597","b875f077b285ca45077fda59e309b6eb8db196c8cfd4652ae217288522ca11cb","false","Frame_23.svg","raw_fragment__frame_23.svg"
"Frame_24.svg","raw_fragment","1974","1cfa76b46ae5eb01339c6681f871839972482f3c3ead5126a44e1d92e5c66166","true","Frame_17.svg","raw_fragment__frame_24.svg"
"Frame_25.svg","raw_fragment","2119","d90a997647d0b93ecb28baec1c919b8f163a9e9c41923a021db1e642e72cf2f7","true","Frame_18.svg","raw_fragment__frame_25.svg"
"Frame_26.svg","raw_fragment","2534","d11de3f4877b922eb7890f4419110521e04b83a65ce1b2c25394094d9e2657dc","true","Frame_19.svg","raw_fragment__frame_26.svg"
"Frame_27.svg","raw_fragment","1452","2f5156132cc151996f47d7c2cb9ff9cf0ba09edefc246fd1492c8b447dc86b03","false","Frame_27.svg","raw_fragment__frame_27.svg"
"Frame_28.svg","raw_fragment","2808","2707c33c67e6d4269da495346827ebf899e22ad62e9c7a73a28842c2dd9b74aa","false","Frame_28.svg","raw_fragment__frame_28.svg"
"Frame_29.svg","raw_fragment","339","77256fb9863365d3451aedf8aa16f456bcd7e818f500be92c04abd0f8abd9fa3","false","Frame_29.svg","raw_fragment__frame_29.svg"
"Frame_3.svg","raw_fragment","2119","d90a997647d0b93ecb28baec1c919b8f163a9e9c41923a021db1e642e72cf2f7","true","Frame_18.svg","raw_fragment__frame_3.svg"
"Frame_30.svg","raw_fragment","453","d71ca0dbf198d970bffa2f4239a915095ebad9a3e473456cd1ba98480ee286a2","false","Frame_30.svg","raw_fragment__frame_30.svg"
"Frame_31.svg","raw_fragment","215","c8deb06de281376441d44b23f0cd122c92f47f65e6346ed8bb6c26213ad17cdd","true","Frame_16.svg","raw_fragment__frame_31.svg"
"Frame_32.svg","raw_fragment","215","9e5e057fbee05532c2ef924acd546362c23482dcf75daa0060d0efd2cd6194ac","false","Frame_32.svg","raw_fragment__frame_32.svg"
"Frame_33.svg","raw_fragment","493","72abb222f83389713d1d6807cb8c8f9295427306765e281119fc490a0a734419","false","Frame_33.svg","raw_fragment__frame_33.svg"
"Frame_34.svg","raw_fragment","453","d71ca0dbf198d970bffa2f4239a915095ebad9a3e473456cd1ba98480ee286a2","true","Frame_30.svg","raw_fragment__frame_34.svg"
"Frame_35.svg","raw_fragment","215","c8deb06de281376441d44b23f0cd122c92f47f65e6346ed8bb6c26213ad17cdd","true","Frame_16.svg","raw_fragment__frame_35.svg"
"Frame_36.svg","raw_fragment","215","9e5e057fbee05532c2ef924acd546362c23482dcf75daa0060d0efd2cd6194ac","true","Frame_32.svg","raw_fragment__frame_36.svg"
"Frame_37.svg","raw_fragment","493","fa1841ed7fe4385816fcfd7a8d8be922017e093660652f3a06b2389f915b152c","false","Frame_37.svg","raw_fragment__frame_37.svg"
"Frame_38.svg","raw_fragment","453","d71ca0dbf198d970bffa2f4239a915095ebad9a3e473456cd1ba98480ee286a2","true","Frame_30.svg","raw_fragment__frame_38.svg"
"Frame_39.svg","raw_fragment","215","c8deb06de281376441d44b23f0cd122c92f47f65e6346ed8bb6c26213ad17cdd","true","Frame_16.svg","raw_fragment__frame_39.svg"
"Frame_4.svg","raw_fragment","2119","d90a997647d0b93ecb28baec1c919b8f163a9e9c41923a021db1e642e72cf2f7","true","Frame_18.svg","raw_fragment__frame_4.svg"
"Frame_40.svg","raw_fragment","215","9e5e057fbee05532c2ef924acd546362c23482dcf75daa0060d0efd2cd6194ac","true","Frame_32.svg","raw_fragment__frame_40.svg"
"Frame_41.svg","raw_fragment","493","c2b8ddfb7bb4f15b034c134f1f9e7ca1ed99ab1a717a965dfadb65436c35d05c","false","Frame_41.svg","raw_fragment__frame_41.svg"
"Frame_42.svg","raw_fragment","215","c8deb06de281376441d44b23f0cd122c92f47f65e6346ed8bb6c26213ad17cdd","true","Frame_16.svg","raw_fragment__frame_42.svg"
"Frame_43.svg","raw_fragment","236","2464cf7a469b6ba9211fa1954ef2eea67557bd7133ee6c97e14440e606fbc19f","false","Frame_43.svg","raw_fragment__frame_43.svg"
"Frame_44.svg","raw_fragment","1425","06c0166d254628dcee56f488a8c582d0cc6bcc98c747f1cb63c34995573b05bb","false","Frame_44.svg","raw_fragment__frame_44.svg"
"Frame_45.svg","raw_fragment","236","2464cf7a469b6ba9211fa1954ef2eea67557bd7133ee6c97e14440e606fbc19f","true","Frame_43.svg","raw_fragment__frame_45.svg"
"Frame_46.svg","raw_fragment","211","13205113ddbf3be86d59c08431c49a62491e9cbf59fb3a24494dd86762468518","true","Frame_10.svg","raw_fragment__frame_46.svg"
"Frame_47.svg","raw_fragment","328","c41678ee0d5ab400696decf69588dc11a0f1812f820ad55d1afdeae3a7d99a8e","false","Frame_47.svg","raw_fragment__frame_47.svg"
"Frame_48.svg","raw_fragment","1425","06c0166d254628dcee56f488a8c582d0cc6bcc98c747f1cb63c34995573b05bb","true","Frame_44.svg","raw_fragment__frame_48.svg"
"Frame_49.svg","raw_fragment","979","693a32c13611a99c6292e347bb8678c440c2d4eefc1cc06718a9b99f576fa155","false","Frame_49.svg","raw_fragment__frame_49.svg"
"Frame_5.svg","raw_fragment","2534","d11de3f4877b922eb7890f4419110521e04b83a65ce1b2c25394094d9e2657dc","true","Frame_19.svg","raw_fragment__frame_5.svg"
"Frame_50.svg","raw_fragment","211","13205113ddbf3be86d59c08431c49a62491e9cbf59fb3a24494dd86762468518","true","Frame_10.svg","raw_fragment__frame_50.svg"
"Frame_51.svg","raw_fragment","896","675acf55839d2ac01a7ae8184384f462025602a86c8df22da9d2c6eaaeb6e83a","false","Frame_51.svg","raw_fragment__frame_51.svg"
"Frame_52.svg","raw_fragment","549","1b9fb2552d1ad646ba838bcbb20e2b571c098801c311fe232996e1a7675461db","false","Frame_52.svg","raw_fragment__frame_52.svg"
"Frame_53.svg","raw_fragment","211","13205113ddbf3be86d59c08431c49a62491e9cbf59fb3a24494dd86762468518","true","Frame_10.svg","raw_fragment__frame_53.svg"
"Frame_54.svg","raw_fragment","211","13205113ddbf3be86d59c08431c49a62491e9cbf59fb3a24494dd86762468518","true","Frame_10.svg","raw_fragment__frame_54.svg"
"Frame_6.svg","raw_fragment","597","9be4553da5a634321511f16567e4ad2cc83509198ca59e1cd6901a1569627b83","false","Frame_6.svg","raw_fragment__frame_6.svg"
"Frame_7.svg","raw_fragment","1096","121d767a87216ff7c60a2745ce40a4c2793a4f1493ec233e5787ef66f1853f2d","false","Frame_7.svg","raw_fragment__frame_7.svg"
"Frame_8.svg","raw_fragment","224","ae9e469c896bac0aaa6d1eea77fed84ebb1079a6ed44c045268382d1f2fb5b4d","false","Frame_8.svg","raw_fragment__frame_8.svg"
"Frame_9.svg","raw_fragment","226","1955969ddf577acf33ad69e92f65b4d31fe9187fd59dc538f8eb0ada9f74612d","false","Frame_9.svg","raw_fragment__frame_9.svg"
"Frame.svg","raw_fragment","1974","1cfa76b46ae5eb01339c6681f871839972482f3c3ead5126a44e1d92e5c66166","true","Frame_17.svg","raw_fragment__frame.svg"
"Group_1171276292.svg","raw_fragment","240","3a6ec3085aaf48631465709d82fabcd0505f6a5e134b97a4c4227e8261e03fb4","false","Group_1171276292.svg","raw_fragment__group_1171276292.svg"
"Group_1171276293.svg","raw_fragment","155","b1169de81c2ad8539561da0c83fb345e79879336dce6c13bd414c2a0f7daf392","false","Group_1171276293.svg","raw_fragment__group_1171276293.svg"
"Group_1171276294_2.svg","raw_fragment","155","14b5891d39d1ebafbf129b099405e67e17f3182696d20a40f1d557094f548c72","false","Group_1171276294_2.svg","raw_fragment__group_1171276294_2.svg"
"Group_1171276294.svg","raw_fragment","155","105893809ee9a7e7422164107322719b984b2237311b4900659cd32a61534744","false","Group_1171276294.svg","raw_fragment__group_1171276294.svg"
"Group_1171276295_2.svg","raw_fragment","155","14b5891d39d1ebafbf129b099405e67e17f3182696d20a40f1d557094f548c72","true","Group_1171276294_2.svg","raw_fragment__group_1171276295_2.svg"
"Group_1171276295.svg","raw_fragment","155","105893809ee9a7e7422164107322719b984b2237311b4900659cd32a61534744","true","Group_1171276294.svg","raw_fragment__group_1171276295.svg"
"Group_1171276296_2.svg","raw_fragment","155","14b5891d39d1ebafbf129b099405e67e17f3182696d20a40f1d557094f548c72","true","Group_1171276294_2.svg","raw_fragment__group_1171276296_2.svg"
"Group_1171276296.svg","raw_fragment","155","105893809ee9a7e7422164107322719b984b2237311b4900659cd32a61534744","true","Group_1171276294.svg","raw_fragment__group_1171276296.svg"
"Group_1171276300.svg","raw_fragment","3999","011c2cf2487b353d49eff268d210ecf9c5deb1812b84f5665597febe292ab204","false","Group_1171276300.svg","raw_fragment__group_1171276300.svg"
"Group_1171276304.svg","raw_fragment","4001","14be3226d1c5108a14c4df65bb6436f204fa71df143b3ff88ff482f36d6b1e65","false","Group_1171276304.svg","raw_fragment__group_1171276304.svg"
"Group_1171276305.svg","raw_fragment","3217","cd2e0b906d97562210233cc3d4f8f80e4d6630ab3b17076eba50fa5e3bae9380","false","Group_1171276305.svg","raw_fragment__group_1171276305.svg"
"Group_1171276338_2.svg","raw_fragment","2270","8a8cbd96229307a859fa9e9cd910436d7f16901765fd641ee71df7e1f10c521b","false","Group_1171276338_2.svg","raw_fragment__group_1171276338_2.svg"
"Group_1171276338.svg","raw_fragment","2113","1e00c1828947121c4a45cca434fb287eca93765d668f600deb6d46397836755d","false","Group_1171276338.svg","raw_fragment__group_1171276338.svg"
"Group_1171276340_2.svg","raw_fragment","156","9c3560ec72d5bd161f425523655218ccd75346aa965c27e661c3c16a4530c7e7","false","Group_1171276340_2.svg","raw_fragment__group_1171276340_2.svg"
"Group_1171276340.svg","raw_fragment","156","9c3560ec72d5bd161f425523655218ccd75346aa965c27e661c3c16a4530c7e7","true","Group_1171276340_2.svg","raw_fragment__group_1171276340.svg"
"Group_1171276349.svg","raw_fragment","622","fb6243a80808e0d1281a766114985576342d22b537066c08b802bdef8adfa72a","false","Group_1171276349.svg","raw_fragment__group_1171276349.svg"
"Group_1171276353.svg","raw_fragment","2571","4f29730917a220320ce16a4fbbdd76094afde02c079df1b883a8f3957b7288fa","false","Group_1171276353.svg","raw_fragment__group_1171276353.svg"
"Group_1171276358_2.svg","raw_fragment","485","f9395ca8ce394c988a5320970403b287b4e40bdece8acc02bd87c8f19b297e80","false","Group_1171276358_2.svg","raw_fragment__group_1171276358_2.svg"
"Group_1171276358_3.svg","raw_fragment","1037","b107b6709144afffc5735355490edbd1d0b4615642c1c34505c801b49f532d63","false","Group_1171276358_3.svg","raw_fragment__group_1171276358_3.svg"
"Group_1171276358_4.svg","raw_fragment","1171","77a7fd3958cb10c3d5300441c7d522bae495c577d9742f5294ee83da2e735586","false","Group_1171276358_4.svg","raw_fragment__group_1171276358_4.svg"
"Group_1171276358_5.svg","raw_fragment","1208","a485280564cff7e514ee4864ed62d84f983c85601f4bb87e95edfbe89d9df030","false","Group_1171276358_5.svg","raw_fragment__group_1171276358_5.svg"
"Group_1171276358_6.svg","raw_fragment","600","d0cf9391123376e38b86e9ed0c0008a6748e66a8f45f3b386a000f55ae4315b2","false","Group_1171276358_6.svg","raw_fragment__group_1171276358_6.svg"
"Group_1171276358_7.svg","raw_fragment","549","cf28f970c39225d4c77eafb654660c5fdad0599c0db19f862fa931d50247ed1a","false","Group_1171276358_7.svg","raw_fragment__group_1171276358_7.svg"
"Group_1171276358_8.svg","raw_fragment","656","749ea75b25e4aa8dd5d80d32ad3e18371f88e4ba7d675bb3648861485194528d","false","Group_1171276358_8.svg","raw_fragment__group_1171276358_8.svg"
"Group_1171276358.svg","raw_fragment","460","1ca6c54f2e6218f3110f179914363d6c791b8dc79ebf79aa9f7e84aad61b78da","false","Group_1171276358.svg","raw_fragment__group_1171276358.svg"
"Group_1171276362_2.svg","raw_fragment","1590","86f6a7a0bee5c3373258478d734034d6f07603e73072baef21cf4e649ba40aa4","false","Group_1171276362_2.svg","raw_fragment__group_1171276362_2.svg"
"Group_1171276362.svg","raw_fragment","1590","86f6a7a0bee5c3373258478d734034d6f07603e73072baef21cf4e649ba40aa4","true","Group_1171276362_2.svg","raw_fragment__group_1171276362.svg"
"Group_1171276408_2.svg","raw_fragment","286","1a65c70b962051bb844d6d0f9bc5c3725723f168d4c6804e3a90f61a7c38bb18","false","Group_1171276408_2.svg","raw_fragment__group_1171276408_2.svg"
"Group_1171276408_3.svg","raw_fragment","286","1a65c70b962051bb844d6d0f9bc5c3725723f168d4c6804e3a90f61a7c38bb18","true","Group_1171276408_2.svg","raw_fragment__group_1171276408_3.svg"
"Group_1171276408_4.svg","raw_fragment","286","1a65c70b962051bb844d6d0f9bc5c3725723f168d4c6804e3a90f61a7c38bb18","true","Group_1171276408_2.svg","raw_fragment__group_1171276408_4.svg"
"Group_1171276408_5.svg","raw_fragment","286","1a65c70b962051bb844d6d0f9bc5c3725723f168d4c6804e3a90f61a7c38bb18","true","Group_1171276408_2.svg","raw_fragment__group_1171276408_5.svg"
"Group_1171276408_6.svg","raw_fragment","286","1a65c70b962051bb844d6d0f9bc5c3725723f168d4c6804e3a90f61a7c38bb18","true","Group_1171276408_2.svg","raw_fragment__group_1171276408_6.svg"
"Group_1171276408_7.svg","raw_fragment","286","1a65c70b962051bb844d6d0f9bc5c3725723f168d4c6804e3a90f61a7c38bb18","true","Group_1171276408_2.svg","raw_fragment__group_1171276408_7.svg"
"Group_1171276408_8.svg","raw_fragment","286","1a65c70b962051bb844d6d0f9bc5c3725723f168d4c6804e3a90f61a7c38bb18","true","Group_1171276408_2.svg","raw_fragment__group_1171276408_8.svg"
"Group_1171276408_9.svg","raw_fragment","286","1a65c70b962051bb844d6d0f9bc5c3725723f168d4c6804e3a90f61a7c38bb18","true","Group_1171276408_2.svg","raw_fragment__group_1171276408_9.svg"
"Group_1171276408.svg","raw_fragment","286","1a65c70b962051bb844d6d0f9bc5c3725723f168d4c6804e3a90f61a7c38bb18","true","Group_1171276408_2.svg","raw_fragment__group_1171276408.svg"
"Group_319_2.svg","raw_fragment","1043","b6cacd0ee84c1e67bbdb1241930a3815d41e9695fab66721800f12cbbb54adf1","false","Group_319_2.svg","raw_fragment__group_319_2.svg"
"Group_319_3.svg","raw_fragment","1035","705016891760b1daa0339516ab6fa1cfd7341ee3b8941fa88a633eb0078358a2","false","Group_319_3.svg","raw_fragment__group_319_3.svg"
"Group_319_4.svg","raw_fragment","1041","74e029e330279ca22e39e5c9e8f1c8160331d9d1b29642478e57f7b8fce71399","false","Group_319_4.svg","raw_fragment__group_319_4.svg"
"Group_319.svg","raw_fragment","1036","55e80031a693517f9387289b8b1e9f154c8a9d5ba09b2cf083fa14eb6e4aa6a3","false","Group_319.svg","raw_fragment__group_319.svg"
"Highlighted_column_2.svg","chart_widget","22344","37a19a045def6f98e3f25f6ed8d9988586befcd56d7a0a55ff2301d114e0bd48","false","Highlighted_column_2.svg","chart_widget__highlighted_column_2.svg"
"Highlighted_column_3.svg","chart_widget","14009","6a0c3bc43340a35e320212c188f2213225e0a920b33e21c7d96ccc50e98e42b2","false","Highlighted_column_3.svg","chart_widget__highlighted_column_3.svg"
"Highlighted_column_4.svg","chart_widget","22367","e92555899ba8ef250e51c0abc1244e2284d1ed62386daa3a655eb89febac9432","false","Highlighted_column_4.svg","chart_widget__highlighted_column_4.svg"
"Highlighted_column.svg","chart_widget","13996","4ce5cf1c913e046bccbf27c148be32d9d60b4fb6ba8395fa7b6bbe3df7d4ae55","false","Highlighted_column.svg","chart_widget__highlighted_column.svg"
"Lights_10.svg","chart_widget","1621","113f70e893d2df7666096281d8b305b36fbbd056ab5936dd1a24609c3a9ddadc","false","Lights_10.svg","chart_widget__lights_10.svg"
"Lights_11.svg","chart_widget","1902","22a63a2e31d3be6b9d548a01e213f803c2c1a555ededcf0ffa61c30373311222","false","Lights_11.svg","chart_widget__lights_11.svg"
"Lights_12.svg","chart_widget","1902","55cbfeb7a1ed02a72ad867b1e87be831aacf7455038a13bd748a7a5a77fdb0c1","false","Lights_12.svg","chart_widget__lights_12.svg"
"Lights_13.svg","chart_widget","1621","b362610c92f673f3c2529e178e0b007947f865cfe95104e11d444f4f73d9543d","false","Lights_13.svg","chart_widget__lights_13.svg"
"Lights_14.svg","chart_widget","1621","bbace6a209d3fc668c448221cee6a0a2489fbd80afe167c72e72aabc601bf064","false","Lights_14.svg","chart_widget__lights_14.svg"
"Lights_15.svg","chart_widget","1902","1d03d6f9fac7128de8fb4413e557405be3d8e2d8c9d7c5646c61b84427a2f1b2","false","Lights_15.svg","chart_widget__lights_15.svg"
"Lights_16.svg","chart_widget","1902","0f318054015f6261f4493a62794959337db902c360cf5ea2a66b44300648d34d","false","Lights_16.svg","chart_widget__lights_16.svg"
"Lights_2.svg","chart_widget","1619","5ab4835fdf6523f331862fe1aefabba5fa9a647e45a7d5a765924fce6effd223","false","Lights_2.svg","chart_widget__lights_2.svg"
"Lights_3.svg","chart_widget","1900","e82a59ebde6b8e57ca9b2c57dd42a34b2d0038435f122e73e6b2036768399d10","false","Lights_3.svg","chart_widget__lights_3.svg"
"Lights_4.svg","chart_widget","1900","994a82ed2ddad9d4885b60349494d54f6d87358d8e0173ef3e923bca235e333e","false","Lights_4.svg","chart_widget__lights_4.svg"
"Lights_5.svg","chart_widget","1619","e3805509b98fc2803ed9db76eff455efb1e96d2d30554b0ca96d796ba688f119","false","Lights_5.svg","chart_widget__lights_5.svg"
"Lights_6.svg","chart_widget","1619","e700a5392a493177cca69b82307b251bc6b46983d08270dae59064bd09e6d798","false","Lights_6.svg","chart_widget__lights_6.svg"
"Lights_7.svg","chart_widget","962","3368453794f020d076678db50a2f10c4d71b13ff62333cb2c53b14eb81e598fb","false","Lights_7.svg","chart_widget__lights_7.svg"
"Lights_8.svg","chart_widget","962","d420824da831964cbae9166850de648d97ae46b30b3cdb98c26d11ece6481e2b","false","Lights_8.svg","chart_widget__lights_8.svg"
"Lights_9.svg","chart_widget","1621","d6e257c66d6fcdd5a026068183050ca41975b5e2e86eea834f2a13566f00e5b1","false","Lights_9.svg","chart_widget__lights_9.svg"
"Lights.svg","chart_widget","1619","e4db7362dfebb281fd24ced8b436c334576ca72c0f7e1fc52b5e9f823085bba0","false","Lights.svg","chart_widget__lights.svg"
"line_10.svg","chart_widget","190","d023da42e68f7eaf25ade65fe30b4d1b1688492f614dc507c9c2626c5b59737e","false","line_10.svg","chart_widget__line_10.svg"
"line_11.svg","chart_widget","161","80f2bad1d80b3d19cd5554b383342556af55cde67beb2f161bf0e6c71d026fd2","false","line_11.svg","chart_widget__line_11.svg"
"line_12.svg","chart_widget","190","d023da42e68f7eaf25ade65fe30b4d1b1688492f614dc507c9c2626c5b59737e","true","line_10.svg","chart_widget__line_12.svg"
"line_13.svg","chart_widget","161","80f2bad1d80b3d19cd5554b383342556af55cde67beb2f161bf0e6c71d026fd2","true","line_11.svg","chart_widget__line_13.svg"
"line_14.svg","chart_widget","190","d023da42e68f7eaf25ade65fe30b4d1b1688492f614dc507c9c2626c5b59737e","true","line_10.svg","chart_widget__line_14.svg"
"line_15.svg","chart_widget","161","80f2bad1d80b3d19cd5554b383342556af55cde67beb2f161bf0e6c71d026fd2","true","line_11.svg","chart_widget__line_15.svg"
"line_16.svg","chart_widget","190","1d33a031f65e8f538612d6fdb7599337ff0ca43ae637bca7850487cb8d917c8b","false","line_16.svg","chart_widget__line_16.svg"
"line_17.svg","chart_widget","161","80f2bad1d80b3d19cd5554b383342556af55cde67beb2f161bf0e6c71d026fd2","true","line_11.svg","chart_widget__line_17.svg"
"line_18.svg","chart_widget","190","1d33a031f65e8f538612d6fdb7599337ff0ca43ae637bca7850487cb8d917c8b","true","line_16.svg","chart_widget__line_18.svg"
"line_19.svg","chart_widget","161","80f2bad1d80b3d19cd5554b383342556af55cde67beb2f161bf0e6c71d026fd2","true","line_11.svg","chart_widget__line_19.svg"
"line_2.svg","chart_widget","190","d023da42e68f7eaf25ade65fe30b4d1b1688492f614dc507c9c2626c5b59737e","true","line_10.svg","chart_widget__line_2.svg"
"line_20.svg","chart_widget","190","1d33a031f65e8f538612d6fdb7599337ff0ca43ae637bca7850487cb8d917c8b","true","line_16.svg","chart_widget__line_20.svg"
"line_21.svg","chart_widget","161","80f2bad1d80b3d19cd5554b383342556af55cde67beb2f161bf0e6c71d026fd2","true","line_11.svg","chart_widget__line_21.svg"
"line_22.svg","chart_widget","190","1d33a031f65e8f538612d6fdb7599337ff0ca43ae637bca7850487cb8d917c8b","true","line_16.svg","chart_widget__line_22.svg"
"line_23.svg","chart_widget","161","80f2bad1d80b3d19cd5554b383342556af55cde67beb2f161bf0e6c71d026fd2","true","line_11.svg","chart_widget__line_23.svg"
"line_24.svg","chart_widget","190","1d33a031f65e8f538612d6fdb7599337ff0ca43ae637bca7850487cb8d917c8b","true","line_16.svg","chart_widget__line_24.svg"
"line_25.svg","chart_widget","161","80f2bad1d80b3d19cd5554b383342556af55cde67beb2f161bf0e6c71d026fd2","true","line_11.svg","chart_widget__line_25.svg"
"line_26.svg","chart_widget","190","1d33a031f65e8f538612d6fdb7599337ff0ca43ae637bca7850487cb8d917c8b","true","line_16.svg","chart_widget__line_26.svg"
"line_27.svg","chart_widget","161","80f2bad1d80b3d19cd5554b383342556af55cde67beb2f161bf0e6c71d026fd2","true","line_11.svg","chart_widget__line_27.svg"
"line_28.svg","chart_widget","190","1d33a031f65e8f538612d6fdb7599337ff0ca43ae637bca7850487cb8d917c8b","true","line_16.svg","chart_widget__line_28.svg"
"line_3.svg","chart_widget","161","80f2bad1d80b3d19cd5554b383342556af55cde67beb2f161bf0e6c71d026fd2","true","line_11.svg","chart_widget__line_3.svg"
"line_4.svg","chart_widget","190","d023da42e68f7eaf25ade65fe30b4d1b1688492f614dc507c9c2626c5b59737e","true","line_10.svg","chart_widget__line_4.svg"
"line_5.svg","chart_widget","161","80f2bad1d80b3d19cd5554b383342556af55cde67beb2f161bf0e6c71d026fd2","true","line_11.svg","chart_widget__line_5.svg"
"line_6.svg","chart_widget","190","d023da42e68f7eaf25ade65fe30b4d1b1688492f614dc507c9c2626c5b59737e","true","line_10.svg","chart_widget__line_6.svg"
"line_7.svg","chart_widget","161","80f2bad1d80b3d19cd5554b383342556af55cde67beb2f161bf0e6c71d026fd2","true","line_11.svg","chart_widget__line_7.svg"
"line_8.svg","chart_widget","190","d023da42e68f7eaf25ade65fe30b4d1b1688492f614dc507c9c2626c5b59737e","true","line_10.svg","chart_widget__line_8.svg"
"line_9.svg","chart_widget","161","80f2bad1d80b3d19cd5554b383342556af55cde67beb2f161bf0e6c71d026fd2","true","line_11.svg","chart_widget__line_9.svg"
"line.svg","chart_widget","161","80f2bad1d80b3d19cd5554b383342556af55cde67beb2f161bf0e6c71d026fd2","true","line_11.svg","chart_widget__line.svg"
"Solid_Brands_Trello_2.svg","icon","1330","364185a91e915846514c06b84ca891b9327994de301829f573a32c801b7ad5de","false","Solid_Brands_Trello_2.svg","icon__solid_brands_trello_2.svg"
"Solid_Brands_Trello_3.svg","icon","1330","364185a91e915846514c06b84ca891b9327994de301829f573a32c801b7ad5de","true","Solid_Brands_Trello_2.svg","icon__solid_brands_trello_3.svg"
"Solid_Brands_Trello_4.svg","icon","1330","4030bb256c8497f146cd25c5176d3e06ce7fa67f9c377408c97ac0788aefc68d","false","Solid_Brands_Trello_4.svg","icon__solid_brands_trello_4.svg"
"Solid_Brands_Trello.svg","icon","1330","364185a91e915846514c06b84ca891b9327994de301829f573a32c801b7ad5de","true","Solid_Brands_Trello_2.svg","icon__solid_brands_trello.svg"
"Solid_Communication_User_2.svg","icon","784","6fd539209ae65c970fc60d6709311bca58504fe71f45ac57aee4fbe581392362","false","Solid_Communication_User_2.svg","icon__solid_communication_user_2.svg"
"Solid_Communication_User_3.svg","icon","784","6fd539209ae65c970fc60d6709311bca58504fe71f45ac57aee4fbe581392362","true","Solid_Communication_User_2.svg","icon__solid_communication_user_3.svg"
"Solid_Communication_User_4.svg","icon","784","6fd539209ae65c970fc60d6709311bca58504fe71f45ac57aee4fbe581392362","true","Solid_Communication_User_2.svg","icon__solid_communication_user_4.svg"
"Solid_Communication_User.svg","icon","784","6fd539209ae65c970fc60d6709311bca58504fe71f45ac57aee4fbe581392362","true","Solid_Communication_User_2.svg","icon__solid_communication_user.svg"
"Solid_General_Bag_2.svg","icon","1470","097f255639c0031749a908ae63100f9ebdaa29cd7c7b4757751a470c59ba981c","false","Solid_General_Bag_2.svg","icon__solid_general_bag_2.svg"
"Solid_General_Bag_3.svg","icon","1478","abc6ec61b0bafbe45b3f1bebab8818f9ac5bd4258624fb13b62cb09ac493dcb3","false","Solid_General_Bag_3.svg","icon__solid_general_bag_3.svg"
"Solid_General_Bag_4.svg","icon","1466","771d6e610a20179296d31e1eae23cfe637474206f127b624669a22533abaad94","false","Solid_General_Bag_4.svg","icon__solid_general_bag_4.svg"
"Solid_General_Bag.svg","icon","1470","097f255639c0031749a908ae63100f9ebdaa29cd7c7b4757751a470c59ba981c","true","Solid_General_Bag_2.svg","icon__solid_general_bag.svg"
"Solid_General_Home_2.svg","icon","723","b3fe6f8c4ebae6e9060e514e20c2920e777e802d7ce5e59a2257b044222bcbeb","false","Solid_General_Home_2.svg","icon__solid_general_home_2.svg"
"Solid_General_Home_3.svg","icon","706","8ac182cbd1f1882673de82948705c749c6c2384b6cc5a664d0d6a2abba8f408a","false","Solid_General_Home_3.svg","icon__solid_general_home_3.svg"
"Solid_General_Home_4.svg","icon","706","45b9da40ae1a97f8bb4e70ac089f7b3480bf53fc3c37b5cac3b5cde162dd9008","false","Solid_General_Home_4.svg","icon__solid_general_home_4.svg"
"Solid_General_Home.svg","icon","723","a11e9b72ca845351dccd87b9610b8427e5821cc8b4c422a20353080c34fd8732","false","Solid_General_Home.svg","icon__solid_general_home.svg"
"Solid_Interface_Add_2.svg","icon","1027","f0d7e1677ec5daf10637d3d5372610c4e6a3c4580edb6b67f29e678c9606086d","false","Solid_Interface_Add_2.svg","icon__solid_interface_add_2.svg"
"Solid_Interface_Add.svg","icon","1027","2fa936bcd9c8e2a2d4540b511816144a36a8fc5a04431043839882cd5dd32a37","false","Solid_Interface_Add.svg","icon__solid_interface_add.svg"
"Solid_Interface_Other_2.svg","icon","632","a91252ce2d76ae998a16a6adcfba673071daed88d8dbdbc39b79f3ca6f53839b","false","Solid_Interface_Other_2.svg","icon__solid_interface_other_2.svg"
"Solid_Status_Award_2.svg","icon","1712","a90e35ec9aa32cfad643e8e67362987df45ca85c5faa36055111b5eec42e4e7d","false","Solid_Status_Award_2.svg","icon__solid_status_award_2.svg"
"Solid_Status_Award_3.svg","icon","1712","a90e35ec9aa32cfad643e8e67362987df45ca85c5faa36055111b5eec42e4e7d","true","Solid_Status_Award_2.svg","icon__solid_status_award_3.svg"
"Solid_Status_Award_4.svg","icon","1712","a90e35ec9aa32cfad643e8e67362987df45ca85c5faa36055111b5eec42e4e7d","true","Solid_Status_Award_2.svg","icon__solid_status_award_4.svg"
"Solid_Status_Award.svg","icon","1712","a90e35ec9aa32cfad643e8e67362987df45ca85c5faa36055111b5eec42e4e7d","true","Solid_Status_Award_2.svg","icon__solid_status_award.svg"
"Vector_60.svg","raw_fragment","557","c4d5d7d25b502a3212764a51126d3234d7de654e28cb10cde23c1d0a1238e12c","false","Vector_60.svg","raw_fragment__vector_60.svg"
"Vector.svg","raw_fragment","215","d5ea63f3b9118f3f8d05e30578f4281117f760e08af1204bdf01308582b32bb1","false","Vector.svg","raw_fragment__vector.svg"